index,y_true,y_pred
0,Pre-Malignos,Pre-Malignos
1,Pre-Malignos,Pre-Malignos
2,Pre-Malignos,Pre-Malignos
3,Pre-Malignos,Pre-Malignos
4,Pre-Malignos,Pre-Malignos
5,Pre-Malignos,Pre-Malignos
6,Pre-Malignos,Pre-Malignos
7,Pre-Malignos,Pre-Malignos
8,Pre-Malignos,Pre-Malignos
9,Pre-Malignos,Pre-Malignos
10,Pre-Malignos,Pre-Malignos
11,Pre-Malignos,Pre-Malignos
12,Pre-Malignos,Pre-Malignos
13,Pre-Malignos,Pre-Malignos
14,Pre-Malignos,Pre-Malignos
15,Pre-Malignos,Pre-Malignos
16,Pre-Malignos,Pre-Malignos
17,Pre-Malignos,Pre-Malignos
18,Pre-Malignos,Pre-Malignos
19,Pre-Malignos,Pre-Malignos
20,Pre-Malignos,Pre-Malignos
21,Pre-Malignos,Pre-Malignos
22,Pre-Malignos,Pre-Malignos
23,Pre-Malignos,Pre-Malignos
24,Pre-Malignos,Pre-Malignos
25,Pre-Malignos,Pre-Malignos
26,Pre-Malignos,Pre-Malignos
27,Pre-Malignos,Pre-Malignos
28,Pre-Malignos,Pre-Malignos
29,Pre-Malignos,Pre-Malignos
30,Pre-Malignos,Pre-Malignos
31,Pre-Malignos,Pre-Malignos
32,Pre-Malignos,Pre-Malignos
33,Pre-Malignos,Pre-Malignos
34,Pre-Malignos,Pre-Malignos
35,Pre-Malignos,Pre-Malignos
36,Pre-Malignos,Pre-Malignos
37,Pre-Malignos,Pre-Malignos
38,Pre-Malignos,Pre-Malignos
39,Pre-Malignos,Pre-Malignos
40,Pre-Malignos,Pre-Malignos
41,Pre-Malignos,Pre-Malignos
42,Pre-Malignos,Pre-Malignos
43,Pre-Malignos,Pre-Malignos
44,Pre-Malignos,Pre-Malignos
45,Pre-Malignos,Pre-Malignos
46,Pre-Malignos,Pre-Malignos
47,Pre-Malignos,Pre-Malignos
48,Pre-Malignos,Pre-Malignos
49,Pre-Malignos,Pre-Malignos
50,Pre-Malignos,Pre-Malignos
51,Pre-Malignos,Benignos
52,Pre-Malignos,Pre-Malignos
53,Pre-Malignos,Pre-Malignos
54,Pre-Malignos,Pre-Malignos
55,Pre-Malignos,Pre-Malignos
56,Pre-Malignos,Pre-Malignos
57,Pre-Malignos,Pre-Malignos
58,Pre-Malignos,Pre-Malignos
59,Pre-Malignos,Pre-Malignos
60,Pre-Malignos,Pre-Malignos
61,Pre-Malignos,Pre-Malignos
62,Pre-Malignos,Pre-Malignos
63,Pre-Malignos,Pre-Malignos
64,Pre-Malignos,Pre-Malignos
65,Pre-Malignos,Pre-Malignos
66,Pre-Malignos,Pre-Malignos
67,Pre-Malignos,Benignos
68,Pre-Malignos,Pre-Malignos
69,Pre-Malignos,Pre-Malignos
70,Pre-Malignos,Pre-Malignos
71,Pre-Malignos,Pre-Malignos
72,Pre-Malignos,Pre-Malignos
73,Pre-Malignos,Pre-Malignos
74,Pre-Malignos,Pre-Malignos
75,Pre-Malignos,Pre-Malignos
76,Pre-Malignos,Pre-Malignos
77,Pre-Malignos,Pre-Malignos
78,Pre-Malignos,Pre-Malignos
79,Pre-Malignos,Pre-Malignos
80,Pre-Malignos,Pre-Malignos
81,Pre-Malignos,Pre-Malignos
82,Pre-Malignos,Pre-Malignos
83,Pre-Malignos,Pre-Malignos
84,Pre-Malignos,Benignos
85,Pre-Malignos,Pre-Malignos
86,Pre-Malignos,Pre-Malignos
87,Pre-Malignos,Pre-Malignos
88,Pre-Malignos,Pre-Malignos
89,Pre-Malignos,Pre-Malignos
90,Pre-Malignos,Pre-Malignos
91,Pre-Malignos,Pre-Malignos
92,Pre-Malignos,Pre-Malignos
93,Pre-Malignos,Pre-Malignos
94,Pre-Malignos,Pre-Malignos
95,Pre-Malignos,Pre-Malignos
96,Pre-Malignos,Pre-Malignos
97,Pre-Malignos,Pre-Malignos
98,Pre-Malignos,Pre-Malignos
99,Pre-Malignos,Pre-Malignos
100,Pre-Malignos,Pre-Malignos
101,Pre-Malignos,Pre-Malignos
102,Pre-Malignos,Pre-Malignos
103,Pre-Malignos,Pre-Malignos
104,Pre-Malignos,Pre-Malignos
105,Pre-Malignos,Pre-Malignos
106,Pre-Malignos,Benignos
107,Pre-Malignos,Pre-Malignos
108,Pre-Malignos,Pre-Malignos
109,Pre-Malignos,Pre-Malignos
110,Pre-Malignos,Pre-Malignos
111,Pre-Malignos,Pre-Malignos
112,Pre-Malignos,Pre-Malignos
113,Pre-Malignos,Pre-Malignos
114,Pre-Malignos,Pre-Malignos
115,Pre-Malignos,Pre-Malignos
116,Pre-Malignos,Benignos
117,Pre-Malignos,Pre-Malignos
118,Pre-Malignos,Pre-Malignos
119,Pre-Malignos,Pre-Malignos
120,Pre-Malignos,Pre-Malignos
121,Pre-Malignos,Pre-Malignos
122,Pre-Malignos,Pre-Malignos
123,Pre-Malignos,Pre-Malignos
124,Pre-Malignos,Pre-Malignos
125,Pre-Malignos,Pre-Malignos
126,Pre-Malignos,Pre-Malignos
127,Pre-Malignos,Pre-Malignos
128,Pre-Malignos,Pre-Malignos
129,Pre-Malignos,Pre-Malignos
130,Pre-Malignos,Pre-Malignos
131,Pre-Malignos,Pre-Malignos
132,Pre-Malignos,Pre-Malignos
133,Pre-Malignos,Pre-Malignos
134,Pre-Malignos,Pre-Malignos
135,Pre-Malignos,Pre-Malignos
136,Pre-Malignos,Pre-Malignos
137,Pre-Malignos,Pre-Malignos
138,Pre-Malignos,Pre-Malignos
139,Pre-Malignos,Pre-Malignos
140,Pre-Malignos,Pre-Malignos
141,Pre-Malignos,Pre-Malignos
142,Pre-Malignos,Pre-Malignos
143,Pre-Malignos,Pre-Malignos
144,Pre-Malignos,Pre-Malignos
145,Pre-Malignos,Pre-Malignos
146,Pre-Malignos,Pre-Malignos
147,Pre-Malignos,Pre-Malignos
148,Pre-Malignos,Pre-Malignos
149,Pre-Malignos,Pre-Malignos
150,Pre-Malignos,Pre-Malignos
151,Pre-Malignos,Pre-Malignos
152,Pre-Malignos,Benignos
153,Pre-Malignos,Benignos
154,Pre-Malignos,Pre-Malignos
155,Pre-Malignos,Pre-Malignos
156,Pre-Malignos,Pre-Malignos
157,Pre-Malignos,Pre-Malignos
158,Pre-Malignos,Pre-Malignos
159,Pre-Malignos,Pre-Malignos
160,Pre-Malignos,Pre-Malignos
161,Pre-Malignos,Pre-Malignos
162,Pre-Malignos,Pre-Malignos
163,Pre-Malignos,Pre-Malignos
164,Pre-Malignos,Pre-Malignos
165,Pre-Malignos,Pre-Malignos
166,Pre-Malignos,Pre-Malignos
167,Pre-Malignos,Pre-Malignos
168,Pre-Malignos,Pre-Malignos
169,Pre-Malignos,Pre-Malignos
170,Pre-Malignos,Pre-Malignos
171,Pre-Malignos,Pre-Malignos
172,Pre-Malignos,Pre-Malignos
173,Pre-Malignos,Pre-Malignos
174,Pre-Malignos,Pre-Malignos
175,Pre-Malignos,Pre-Malignos
176,Pre-Malignos,Pre-Malignos
177,Pre-Malignos,Pre-Malignos
178,Pre-Malignos,Pre-Malignos
179,Pre-Malignos,Pre-Malignos
180,Pre-Malignos,Benignos
181,Pre-Malignos,Pre-Malignos
182,Pre-Malignos,Pre-Malignos
183,Pre-Malignos,Pre-Malignos
184,Pre-Malignos,Pre-Malignos
185,Pre-Malignos,Pre-Malignos
186,Pre-Malignos,Pre-Malignos
187,Pre-Malignos,Pre-Malignos
188,Pre-Malignos,Pre-Malignos
189,Pre-Malignos,Pre-Malignos
190,Pre-Malignos,Pre-Malignos
191,Pre-Malignos,Pre-Malignos
192,Pre-Malignos,Pre-Malignos
193,Pre-Malignos,Pre-Malignos
194,Pre-Malignos,Pre-Malignos
195,Pre-Malignos,Pre-Malignos
196,Pre-Malignos,Pre-Malignos
197,Pre-Malignos,Pre-Malignos
198,Pre-Malignos,Pre-Malignos
199,Pre-Malignos,Pre-Malignos
200,Pre-Malignos,Pre-Malignos
201,Pre-Malignos,Pre-Malignos
202,Pre-Malignos,Pre-Malignos
203,Pre-Malignos,Pre-Malignos
204,Pre-Malignos,Pre-Malignos
205,Pre-Malignos,Pre-Malignos
206,Pre-Malignos,Pre-Malignos
207,Pre-Malignos,Pre-Malignos
208,Pre-Malignos,Pre-Malignos
209,Pre-Malignos,Pre-Malignos
210,Pre-Malignos,Pre-Malignos
211,Pre-Malignos,Pre-Malignos
212,Pre-Malignos,Pre-Malignos
213,Pre-Malignos,Pre-Malignos
214,Pre-Malignos,Pre-Malignos
215,Pre-Malignos,Pre-Malignos
216,Pre-Malignos,Pre-Malignos
217,Pre-Malignos,Pre-Malignos
218,Pre-Malignos,Pre-Malignos
219,Pre-Malignos,Pre-Malignos
220,Pre-Malignos,Pre-Malignos
221,Pre-Malignos,Pre-Malignos
222,Pre-Malignos,Pre-Malignos
223,Pre-Malignos,Pre-Malignos
224,Pre-Malignos,Pre-Malignos
225,Pre-Malignos,Pre-Malignos
226,Pre-Malignos,Pre-Malignos
227,Pre-Malignos,Pre-Malignos
228,Pre-Malignos,Pre-Malignos
229,Pre-Malignos,Pre-Malignos
230,Pre-Malignos,Pre-Malignos
231,Pre-Malignos,Pre-Malignos
232,Pre-Malignos,Pre-Malignos
233,Pre-Malignos,Pre-Malignos
234,Pre-Malignos,Pre-Malignos
235,Pre-Malignos,Pre-Malignos
236,Pre-Malignos,Pre-Malignos
237,Pre-Malignos,Pre-Malignos
238,Pre-Malignos,Pre-Malignos
239,Pre-Malignos,Pre-Malignos
240,Pre-Malignos,Pre-Malignos
241,Pre-Malignos,Pre-Malignos
242,Pre-Malignos,Pre-Malignos
243,Pre-Malignos,Pre-Malignos
244,Pre-Malignos,Pre-Malignos
245,Pre-Malignos,Pre-Malignos
246,Pre-Malignos,Benignos
247,Pre-Malignos,Pre-Malignos
248,Pre-Malignos,Pre-Malignos
249,Pre-Malignos,Pre-Malignos
250,Pre-Malignos,Pre-Malignos
251,Pre-Malignos,Pre-Malignos
252,Pre-Malignos,Pre-Malignos
253,Pre-Malignos,Pre-Malignos
254,Pre-Malignos,Pre-Malignos
255,Pre-Malignos,Pre-Malignos
256,Pre-Malignos,Pre-Malignos
257,Pre-Malignos,Pre-Malignos
258,Pre-Malignos,Pre-Malignos
259,Pre-Malignos,Pre-Malignos
260,Pre-Malignos,Pre-Malignos
261,Pre-Malignos,Pre-Malignos
262,Pre-Malignos,Pre-Malignos
263,Pre-Malignos,Pre-Malignos
264,Pre-Malignos,Pre-Malignos
265,Pre-Malignos,Pre-Malignos
266,Pre-Malignos,Pre-Malignos
267,Pre-Malignos,Pre-Malignos
268,Pre-Malignos,Pre-Malignos
269,Pre-Malignos,Pre-Malignos
270,Pre-Malignos,Pre-Malignos
271,Pre-Malignos,Pre-Malignos
272,Pre-Malignos,Pre-Malignos
273,Pre-Malignos,Pre-Malignos
274,Pre-Malignos,Pre-Malignos
275,Pre-Malignos,Benignos
276,Pre-Malignos,Benignos
277,Pre-Malignos,Pre-Malignos
278,Pre-Malignos,Pre-Malignos
279,Pre-Malignos,Pre-Malignos
280,Pre-Malignos,Pre-Malignos
281,Pre-Malignos,Pre-Malignos
282,Pre-Malignos,Pre-Malignos
283,Pre-Malignos,Pre-Malignos
284,Pre-Malignos,Pre-Malignos
285,Pre-Malignos,Pre-Malignos
286,Pre-Malignos,Pre-Malignos
287,Pre-Malignos,Pre-Malignos
288,Pre-Malignos,Pre-Malignos
289,Pre-Malignos,Pre-Malignos
290,Pre-Malignos,Pre-Malignos
291,Pre-Malignos,Pre-Malignos
292,Pre-Malignos,Pre-Malignos
293,Pre-Malignos,Pre-Malignos
294,Pre-Malignos,Pre-Malignos
295,Pre-Malignos,Pre-Malignos
296,Pre-Malignos,Pre-Malignos
297,Pre-Malignos,Pre-Malignos
298,Pre-Malignos,Pre-Malignos
299,Pre-Malignos,Pre-Malignos
300,Pre-Malignos,Pre-Malignos
301,Pre-Malignos,Pre-Malignos
302,Pre-Malignos,Pre-Malignos
303,Pre-Malignos,Pre-Malignos
304,Pre-Malignos,Pre-Malignos
305,Pre-Malignos,Pre-Malignos
306,Pre-Malignos,Pre-Malignos
307,Pre-Malignos,Benignos
308,Pre-Malignos,Benignos
309,Pre-Malignos,Pre-Malignos
310,Pre-Malignos,Pre-Malignos
311,Pre-Malignos,Pre-Malignos
312,Pre-Malignos,Pre-Malignos
313,Pre-Malignos,Pre-Malignos
314,Pre-Malignos,Benignos
315,Pre-Malignos,Benignos
316,Pre-Malignos,Benignos
317,Pre-Malignos,Pre-Malignos
318,Pre-Malignos,Pre-Malignos
319,Pre-Malignos,Pre-Malignos
320,Pre-Malignos,Pre-Malignos
321,Pre-Malignos,Pre-Malignos
322,Pre-Malignos,Pre-Malignos
323,Pre-Malignos,Pre-Malignos
324,Pre-Malignos,Pre-Malignos
325,Pre-Malignos,Pre-Malignos
326,Pre-Malignos,Pre-Malignos
327,Pre-Malignos,Pre-Malignos
328,Pre-Malignos,Pre-Malignos
329,Pre-Malignos,Pre-Malignos
330,Pre-Malignos,Pre-Malignos
331,Pre-Malignos,Pre-Malignos
332,Pre-Malignos,Pre-Malignos
333,Pre-Malignos,Pre-Malignos
334,Pre-Malignos,Pre-Malignos
335,Pre-Malignos,Pre-Malignos
336,Pre-Malignos,Pre-Malignos
337,Pre-Malignos,Pre-Malignos
338,Pre-Malignos,Pre-Malignos
339,Pre-Malignos,Pre-Malignos
340,Pre-Malignos,Pre-Malignos
341,Pre-Malignos,Pre-Malignos
342,Pre-Malignos,Pre-Malignos
343,Pre-Malignos,Pre-Malignos
344,Pre-Malignos,Pre-Malignos
345,Pre-Malignos,Pre-Malignos
346,Pre-Malignos,Pre-Malignos
347,Pre-Malignos,Pre-Malignos
348,Pre-Malignos,Pre-Malignos
349,Pre-Malignos,Pre-Malignos
350,Pre-Malignos,Pre-Malignos
351,Pre-Malignos,Pre-Malignos
352,Pre-Malignos,Pre-Malignos
353,Pre-Malignos,Pre-Malignos
354,Pre-Malignos,Pre-Malignos
355,Pre-Malignos,Pre-Malignos
356,Pre-Malignos,Pre-Malignos
357,Pre-Malignos,Pre-Malignos
358,Pre-Malignos,Pre-Malignos
359,Pre-Malignos,Pre-Malignos
360,Pre-Malignos,Pre-Malignos
361,Pre-Malignos,Pre-Malignos
362,Pre-Malignos,Pre-Malignos
363,Pre-Malignos,Pre-Malignos
364,Pre-Malignos,Pre-Malignos
365,Pre-Malignos,Pre-Malignos
366,Pre-Malignos,Pre-Malignos
367,Pre-Malignos,Pre-Malignos
368,Pre-Malignos,Pre-Malignos
369,Pre-Malignos,Pre-Malignos
370,Pre-Malignos,Pre-Malignos
371,Pre-Malignos,Pre-Malignos
372,Pre-Malignos,Pre-Malignos
373,Pre-Malignos,Pre-Malignos
374,Pre-Malignos,Pre-Malignos
375,Pre-Malignos,Pre-Malignos
376,Pre-Malignos,Pre-Malignos
377,Pre-Malignos,Pre-Malignos
378,Pre-Malignos,Pre-Malignos
379,Pre-Malignos,Pre-Malignos
380,Pre-Malignos,Pre-Malignos
381,Pre-Malignos,Pre-Malignos
382,Pre-Malignos,Pre-Malignos
383,Pre-Malignos,Pre-Malignos
384,Pre-Malignos,Pre-Malignos
385,Pre-Malignos,Pre-Malignos
386,Pre-Malignos,Pre-Malignos
387,Pre-Malignos,Pre-Malignos
388,Pre-Malignos,Pre-Malignos
389,Pre-Malignos,Pre-Malignos
390,Pre-Malignos,Pre-Malignos
391,Pre-Malignos,Benignos
392,Pre-Malignos,Pre-Malignos
393,Pre-Malignos,Pre-Malignos
394,Pre-Malignos,Pre-Malignos
395,Pre-Malignos,Pre-Malignos
396,Pre-Malignos,Pre-Malignos
397,Pre-Malignos,Pre-Malignos
398,Pre-Malignos,Pre-Malignos
399,Pre-Malignos,Pre-Malignos
400,Pre-Malignos,Pre-Malignos
401,Pre-Malignos,Pre-Malignos
402,Pre-Malignos,Pre-Malignos
403,Pre-Malignos,Pre-Malignos
404,Pre-Malignos,Pre-Malignos
405,Pre-Malignos,Pre-Malignos
406,Pre-Malignos,Pre-Malignos
407,Pre-Malignos,Pre-Malignos
408,Pre-Malignos,Pre-Malignos
409,Pre-Malignos,Pre-Malignos
410,Pre-Malignos,Pre-Malignos
411,Pre-Malignos,Pre-Malignos
412,Pre-Malignos,Pre-Malignos
413,Pre-Malignos,Pre-Malignos
414,Pre-Malignos,Pre-Malignos
415,Pre-Malignos,Pre-Malignos
416,Pre-Malignos,Pre-Malignos
417,Pre-Malignos,Pre-Malignos
418,Pre-Malignos,Pre-Malignos
419,Pre-Malignos,Pre-Malignos
420,Pre-Malignos,Pre-Malignos
421,Pre-Malignos,Pre-Malignos
422,Pre-Malignos,Pre-Malignos
423,Pre-Malignos,Pre-Malignos
424,Pre-Malignos,Pre-Malignos
425,Pre-Malignos,Pre-Malignos
426,Pre-Malignos,Pre-Malignos
427,Pre-Malignos,Pre-Malignos
428,Pre-Malignos,Pre-Malignos
429,Pre-Malignos,Pre-Malignos
430,Pre-Malignos,Pre-Malignos
431,Pre-Malignos,Pre-Malignos
432,Pre-Malignos,Pre-Malignos
433,Pre-Malignos,Pre-Malignos
434,Pre-Malignos,Pre-Malignos
435,Pre-Malignos,Pre-Malignos
436,Pre-Malignos,Pre-Malignos
437,Pre-Malignos,Pre-Malignos
438,Pre-Malignos,Pre-Malignos
439,Pre-Malignos,Pre-Malignos
440,Pre-Malignos,Pre-Malignos
441,Pre-Malignos,Benignos
442,Pre-Malignos,Pre-Malignos
443,Pre-Malignos,Pre-Malignos
444,Pre-Malignos,Pre-Malignos
445,Pre-Malignos,Pre-Malignos
446,Pre-Malignos,Pre-Malignos
447,Pre-Malignos,Pre-Malignos
448,Pre-Malignos,Pre-Malignos
449,Pre-Malignos,Benignos
450,Pre-Malignos,Pre-Malignos
451,Pre-Malignos,Pre-Malignos
452,Pre-Malignos,Benignos
453,Pre-Malignos,Pre-Malignos
454,Pre-Malignos,Pre-Malignos
455,Pre-Malignos,Pre-Malignos
456,Pre-Malignos,Pre-Malignos
457,Pre-Malignos,Pre-Malignos
458,Pre-Malignos,Pre-Malignos
459,Pre-Malignos,Pre-Malignos
460,Pre-Malignos,Pre-Malignos
461,Pre-Malignos,Pre-Malignos
462,Pre-Malignos,Pre-Malignos
463,Pre-Malignos,Pre-Malignos
464,Pre-Malignos,Pre-Malignos
465,Pre-Malignos,Pre-Malignos
466,Pre-Malignos,Pre-Malignos
467,Pre-Malignos,Pre-Malignos
468,Pre-Malignos,Pre-Malignos
469,Pre-Malignos,Pre-Malignos
470,Pre-Malignos,Pre-Malignos
471,Pre-Malignos,Pre-Malignos
472,Pre-Malignos,Pre-Malignos
473,Pre-Malignos,Pre-Malignos
474,Pre-Malignos,Pre-Malignos
475,Pre-Malignos,Pre-Malignos
476,Pre-Malignos,Pre-Malignos
477,Pre-Malignos,Pre-Malignos
478,Pre-Malignos,Pre-Malignos
479,Pre-Malignos,Pre-Malignos
480,Pre-Malignos,Pre-Malignos
481,Pre-Malignos,Pre-Malignos
482,Pre-Malignos,Pre-Malignos
483,Pre-Malignos,Pre-Malignos
484,Pre-Malignos,Pre-Malignos
485,Pre-Malignos,Pre-Malignos
486,Pre-Malignos,Pre-Malignos
487,Pre-Malignos,Pre-Malignos
488,Pre-Malignos,Pre-Malignos
489,Pre-Malignos,Pre-Malignos
490,Pre-Malignos,Benignos
491,Pre-Malignos,Pre-Malignos
492,Pre-Malignos,Pre-Malignos
493,Pre-Malignos,Benignos
494,Pre-Malignos,Pre-Malignos
495,Pre-Malignos,Pre-Malignos
496,Pre-Malignos,Pre-Malignos
497,Pre-Malignos,Pre-Malignos
498,Pre-Malignos,Pre-Malignos
499,Pre-Malignos,Pre-Malignos
500,Pre-Malignos,Pre-Malignos
501,Pre-Malignos,Pre-Malignos
502,Pre-Malignos,Pre-Malignos
503,Pre-Malignos,Pre-Malignos
504,Pre-Malignos,Pre-Malignos
505,Pre-Malignos,Pre-Malignos
506,Pre-Malignos,Pre-Malignos
507,Pre-Malignos,Pre-Malignos
508,Pre-Malignos,Pre-Malignos
509,Pre-Malignos,Pre-Malignos
510,Pre-Malignos,Benignos
511,Pre-Malignos,Pre-Malignos
512,Pre-Malignos,Pre-Malignos
513,Pre-Malignos,Pre-Malignos
514,Pre-Malignos,Pre-Malignos
515,Pre-Malignos,Pre-Malignos
516,Pre-Malignos,Pre-Malignos
517,Pre-Malignos,Pre-Malignos
518,Pre-Malignos,Pre-Malignos
519,Pre-Malignos,Pre-Malignos
520,Pre-Malignos,Pre-Malignos
521,Pre-Malignos,Pre-Malignos
522,Pre-Malignos,Pre-Malignos
523,Pre-Malignos,Pre-Malignos
524,Pre-Malignos,Pre-Malignos
525,Pre-Malignos,Pre-Malignos
526,Pre-Malignos,Pre-Malignos
527,Pre-Malignos,Pre-Malignos
528,Pre-Malignos,Pre-Malignos
529,Pre-Malignos,Pre-Malignos
530,Pre-Malignos,Pre-Malignos
531,Pre-Malignos,Pre-Malignos
532,Pre-Malignos,Pre-Malignos
533,Pre-Malignos,Pre-Malignos
534,Pre-Malignos,Pre-Malignos
535,Pre-Malignos,Pre-Malignos
536,Pre-Malignos,Pre-Malignos
537,Pre-Malignos,Pre-Malignos
538,Pre-Malignos,Pre-Malignos
539,Pre-Malignos,Pre-Malignos
540,Pre-Malignos,Pre-Malignos
541,Pre-Malignos,Pre-Malignos
542,Pre-Malignos,Pre-Malignos
543,Pre-Malignos,Pre-Malignos
544,Pre-Malignos,Pre-Malignos
545,Pre-Malignos,Pre-Malignos
546,Pre-Malignos,Pre-Malignos
547,Pre-Malignos,Pre-Malignos
548,Pre-Malignos,Pre-Malignos
549,Pre-Malignos,Pre-Malignos
550,Pre-Malignos,Pre-Malignos
551,Pre-Malignos,Pre-Malignos
552,Pre-Malignos,Pre-Malignos
553,Pre-Malignos,Pre-Malignos
554,Pre-Malignos,Pre-Malignos
555,Pre-Malignos,Pre-Malignos
556,Pre-Malignos,Pre-Malignos
557,Pre-Malignos,Pre-Malignos
558,Pre-Malignos,Pre-Malignos
559,Pre-Malignos,Pre-Malignos
560,Pre-Malignos,Pre-Malignos
561,Pre-Malignos,Pre-Malignos
562,Pre-Malignos,Pre-Malignos
563,Pre-Malignos,Pre-Malignos
564,Pre-Malignos,Pre-Malignos
565,Pre-Malignos,Pre-Malignos
566,Pre-Malignos,Pre-Malignos
567,Pre-Malignos,Pre-Malignos
568,Pre-Malignos,Pre-Malignos
569,Pre-Malignos,Pre-Malignos
570,Pre-Malignos,Pre-Malignos
571,Pre-Malignos,Pre-Malignos
572,Pre-Malignos,Pre-Malignos
573,Pre-Malignos,Pre-Malignos
574,Pre-Malignos,Pre-Malignos
575,Pre-Malignos,Pre-Malignos
576,Pre-Malignos,Pre-Malignos
577,Pre-Malignos,Pre-Malignos
578,Pre-Malignos,Pre-Malignos
579,Pre-Malignos,Pre-Malignos
580,Pre-Malignos,Pre-Malignos
581,Pre-Malignos,Pre-Malignos
582,Pre-Malignos,Pre-Malignos
583,Pre-Malignos,Pre-Malignos
584,Pre-Malignos,Pre-Malignos
585,Pre-Malignos,Pre-Malignos
586,Pre-Malignos,Pre-Malignos
587,Pre-Malignos,Pre-Malignos
588,Pre-Malignos,Pre-Malignos
589,Pre-Malignos,Pre-Malignos
590,Pre-Malignos,Pre-Malignos
591,Pre-Malignos,Pre-Malignos
592,Pre-Malignos,Pre-Malignos
593,Pre-Malignos,Pre-Malignos
594,Pre-Malignos,Pre-Malignos
595,Pre-Malignos,Pre-Malignos
596,Pre-Malignos,Pre-Malignos
597,Pre-Malignos,Pre-Malignos
598,Pre-Malignos,Pre-Malignos
599,Pre-Malignos,Pre-Malignos
600,Pre-Malignos,Benignos
601,Pre-Malignos,Pre-Malignos
602,Pre-Malignos,Pre-Malignos
603,Pre-Malignos,Benignos
604,Pre-Malignos,Pre-Malignos
605,Pre-Malignos,Pre-Malignos
606,Pre-Malignos,Pre-Malignos
607,Pre-Malignos,Pre-Malignos
608,Pre-Malignos,Pre-Malignos
609,Pre-Malignos,Pre-Malignos
610,Pre-Malignos,Pre-Malignos
611,Pre-Malignos,Pre-Malignos
612,Pre-Malignos,Pre-Malignos
613,Pre-Malignos,Pre-Malignos
614,Pre-Malignos,Pre-Malignos
615,Pre-Malignos,Pre-Malignos
616,Pre-Malignos,Pre-Malignos
617,Pre-Malignos,Pre-Malignos
618,Pre-Malignos,Pre-Malignos
619,Pre-Malignos,Pre-Malignos
620,Pre-Malignos,Pre-Malignos
621,Pre-Malignos,Pre-Malignos
622,Pre-Malignos,Pre-Malignos
623,Pre-Malignos,Pre-Malignos
624,Pre-Malignos,Pre-Malignos
625,Pre-Malignos,Benignos
626,Pre-Malignos,Pre-Malignos
627,Pre-Malignos,Pre-Malignos
628,Pre-Malignos,Pre-Malignos
629,Pre-Malignos,Pre-Malignos
630,Pre-Malignos,Pre-Malignos
631,Pre-Malignos,Pre-Malignos
632,Pre-Malignos,Pre-Malignos
633,Pre-Malignos,Pre-Malignos
634,Pre-Malignos,Pre-Malignos
635,Pre-Malignos,Pre-Malignos
636,Pre-Malignos,Pre-Malignos
637,Pre-Malignos,Pre-Malignos
638,Pre-Malignos,Pre-Malignos
639,Pre-Malignos,Pre-Malignos
640,Pre-Malignos,Pre-Malignos
641,Pre-Malignos,Pre-Malignos
642,Pre-Malignos,Pre-Malignos
643,Pre-Malignos,Pre-Malignos
644,Pre-Malignos,Pre-Malignos
645,Pre-Malignos,Pre-Malignos
646,Pre-Malignos,Pre-Malignos
647,Pre-Malignos,Benignos
648,Pre-Malignos,Pre-Malignos
649,Pre-Malignos,Pre-Malignos
650,Pre-Malignos,Pre-Malignos
651,Pre-Malignos,Pre-Malignos
652,Pre-Malignos,Pre-Malignos
653,Pre-Malignos,Pre-Malignos
654,Pre-Malignos,Pre-Malignos
655,Pre-Malignos,Pre-Malignos
656,Pre-Malignos,Pre-Malignos
657,Pre-Malignos,Pre-Malignos
658,Pre-Malignos,Pre-Malignos
659,Pre-Malignos,Pre-Malignos
660,Pre-Malignos,Pre-Malignos
661,Pre-Malignos,Pre-Malignos
662,Pre-Malignos,Pre-Malignos
663,Pre-Malignos,Pre-Malignos
664,Pre-Malignos,Pre-Malignos
665,Pre-Malignos,Pre-Malignos
666,Pre-Malignos,Pre-Malignos
667,Pre-Malignos,Pre-Malignos
668,Pre-Malignos,Pre-Malignos
669,Pre-Malignos,Pre-Malignos
670,Pre-Malignos,Pre-Malignos
671,Pre-Malignos,Pre-Malignos
672,Pre-Malignos,Pre-Malignos
673,Pre-Malignos,Pre-Malignos
674,Pre-Malignos,Pre-Malignos
675,Pre-Malignos,Pre-Malignos
676,Pre-Malignos,Pre-Malignos
677,Pre-Malignos,Pre-Malignos
678,Pre-Malignos,Pre-Malignos
679,Pre-Malignos,Pre-Malignos
680,Pre-Malignos,Pre-Malignos
681,Pre-Malignos,Pre-Malignos
682,Pre-Malignos,Pre-Malignos
683,Pre-Malignos,Pre-Malignos
684,Pre-Malignos,Pre-Malignos
685,Pre-Malignos,Pre-Malignos
686,Pre-Malignos,Pre-Malignos
687,Pre-Malignos,Pre-Malignos
688,Pre-Malignos,Pre-Malignos
689,Pre-Malignos,Pre-Malignos
690,Pre-Malignos,Pre-Malignos
691,Pre-Malignos,Pre-Malignos
692,Pre-Malignos,Pre-Malignos
693,Pre-Malignos,Pre-Malignos
694,Pre-Malignos,Pre-Malignos
695,Pre-Malignos,Pre-Malignos
696,Pre-Malignos,Pre-Malignos
697,Pre-Malignos,Pre-Malignos
698,Pre-Malignos,Pre-Malignos
699,Pre-Malignos,Pre-Malignos
700,Pre-Malignos,Pre-Malignos
701,Pre-Malignos,Pre-Malignos
702,Pre-Malignos,Pre-Malignos
703,Pre-Malignos,Pre-Malignos
704,Pre-Malignos,Pre-Malignos
705,Pre-Malignos,Pre-Malignos
706,Pre-Malignos,Pre-Malignos
707,Pre-Malignos,Pre-Malignos
708,Pre-Malignos,Pre-Malignos
709,Pre-Malignos,Pre-Malignos
710,Pre-Malignos,Pre-Malignos
711,Pre-Malignos,Pre-Malignos
712,Pre-Malignos,Pre-Malignos
713,Pre-Malignos,Pre-Malignos
714,Pre-Malignos,Pre-Malignos
715,Pre-Malignos,Pre-Malignos
716,Pre-Malignos,Pre-Malignos
717,Pre-Malignos,Pre-Malignos
718,Pre-Malignos,Pre-Malignos
719,Pre-Malignos,Pre-Malignos
720,Pre-Malignos,Pre-Malignos
721,Pre-Malignos,Pre-Malignos
722,Pre-Malignos,Pre-Malignos
723,Pre-Malignos,Pre-Malignos
724,Pre-Malignos,Pre-Malignos
725,Pre-Malignos,Pre-Malignos
726,Pre-Malignos,Pre-Malignos
727,Pre-Malignos,Pre-Malignos
728,Pre-Malignos,Pre-Malignos
729,Pre-Malignos,Pre-Malignos
730,Pre-Malignos,Benignos
731,Pre-Malignos,Pre-Malignos
732,Pre-Malignos,Pre-Malignos
733,Pre-Malignos,Pre-Malignos
734,Pre-Malignos,Pre-Malignos
735,Pre-Malignos,Pre-Malignos
736,Pre-Malignos,Pre-Malignos
737,Pre-Malignos,Pre-Malignos
738,Pre-Malignos,Benignos
739,Pre-Malignos,Pre-Malignos
740,Pre-Malignos,Pre-Malignos
741,Pre-Malignos,Pre-Malignos
742,Pre-Malignos,Pre-Malignos
743,Pre-Malignos,Pre-Malignos
744,Pre-Malignos,Pre-Malignos
745,Pre-Malignos,Pre-Malignos
746,Pre-Malignos,Pre-Malignos
747,Pre-Malignos,Pre-Malignos
748,Pre-Malignos,Pre-Malignos
749,Pre-Malignos,Pre-Malignos
750,Pre-Malignos,Pre-Malignos
751,Pre-Malignos,Pre-Malignos
752,Pre-Malignos,Pre-Malignos
753,Pre-Malignos,Pre-Malignos
754,Pre-Malignos,Pre-Malignos
755,Pre-Malignos,Pre-Malignos
756,Pre-Malignos,Pre-Malignos
757,Pre-Malignos,Pre-Malignos
758,Pre-Malignos,Pre-Malignos
759,Pre-Malignos,Benignos
760,Pre-Malignos,Pre-Malignos
761,Pre-Malignos,Pre-Malignos
762,Pre-Malignos,Pre-Malignos
763,Pre-Malignos,Pre-Malignos
764,Pre-Malignos,Pre-Malignos
765,Pre-Malignos,Pre-Malignos
766,Pre-Malignos,Pre-Malignos
767,Pre-Malignos,Pre-Malignos
768,Pre-Malignos,Pre-Malignos
769,Pre-Malignos,Pre-Malignos
770,Pre-Malignos,Benignos
771,Pre-Malignos,Benignos
772,Pre-Malignos,Pre-Malignos
773,Pre-Malignos,Pre-Malignos
774,Pre-Malignos,Pre-Malignos
775,Pre-Malignos,Pre-Malignos
776,Pre-Malignos,Pre-Malignos
777,Pre-Malignos,Pre-Malignos
778,Pre-Malignos,Pre-Malignos
779,Pre-Malignos,Pre-Malignos
780,Pre-Malignos,Pre-Malignos
781,Pre-Malignos,Pre-Malignos
782,Pre-Malignos,Pre-Malignos
783,Pre-Malignos,Pre-Malignos
784,Pre-Malignos,Pre-Malignos
785,Pre-Malignos,Pre-Malignos
786,Pre-Malignos,Pre-Malignos
787,Pre-Malignos,Pre-Malignos
788,Pre-Malignos,Pre-Malignos
789,Pre-Malignos,Pre-Malignos
790,Pre-Malignos,Pre-Malignos
791,Pre-Malignos,Pre-Malignos
792,Pre-Malignos,Pre-Malignos
793,Pre-Malignos,Pre-Malignos
794,Pre-Malignos,Pre-Malignos
795,Pre-Malignos,Pre-Malignos
796,Pre-Malignos,Pre-Malignos
797,Pre-Malignos,Pre-Malignos
798,Pre-Malignos,Pre-Malignos
799,Pre-Malignos,Pre-Malignos
800,Benignos,Benignos
801,Benignos,Benignos
802,Benignos,Pre-Malignos
803,Benignos,Benignos
804,Benignos,Benignos
805,Benignos,Benignos
806,Benignos,Benignos
807,Benignos,Benignos
808,Benignos,Benignos
809,Benignos,Benignos
810,Benignos,Benignos
811,Benignos,Benignos
812,Benignos,Benignos
813,Benignos,Benignos
814,Benignos,Benignos
815,Benignos,Benignos
816,Benignos,Benignos
817,Benignos,Benignos
818,Benignos,Benignos
819,Benignos,Benignos
820,Benignos,Benignos
821,Benignos,Benignos
822,Benignos,Benignos
823,Benignos,Benignos
824,Benignos,Benignos
825,Benignos,Benignos
826,Benignos,Benignos
827,Benignos,Benignos
828,Benignos,Benignos
829,Benignos,Benignos
830,Benignos,Benignos
831,Benignos,Benignos
832,Benignos,Benignos
833,Benignos,Benignos
834,Benignos,Benignos
835,Benignos,Benignos
836,Benignos,Benignos
837,Benignos,Benignos
838,Benignos,Benignos
839,Benignos,Benignos
840,Benignos,Benignos
841,Benignos,Benignos
842,Benignos,Benignos
843,Benignos,Benignos
844,Benignos,Benignos
845,Benignos,Benignos
846,Benignos,Pre-Malignos
847,Benignos,Benignos
848,Benignos,Benignos
849,Benignos,Benignos
850,Benignos,Benignos
851,Benignos,Benignos
852,Benignos,Benignos
853,Benignos,Benignos
854,Benignos,Benignos
855,Benignos,Benignos
856,Benignos,Benignos
857,Benignos,Benignos
858,Benignos,Benignos
859,Benignos,Benignos
860,Benignos,Benignos
861,Benignos,Benignos
862,Benignos,Benignos
863,Benignos,Benignos
864,Benignos,Benignos
865,Benignos,Benignos
866,Benignos,Benignos
867,Benignos,Benignos
868,Benignos,Benignos
869,Benignos,Benignos
870,Benignos,Benignos
871,Benignos,Benignos
872,Benignos,Benignos
873,Benignos,Benignos
874,Benignos,Benignos
875,Benignos,Benignos
876,Benignos,Benignos
877,Benignos,Benignos
878,Benignos,Benignos
879,Benignos,Benignos
880,Benignos,Benignos
881,Benignos,Benignos
882,Benignos,Benignos
883,Benignos,Benignos
884,Benignos,Benignos
885,Benignos,Pre-Malignos
886,Benignos,Benignos
887,Benignos,Benignos
888,Benignos,Benignos
889,Benignos,Benignos
890,Benignos,Benignos
891,Benignos,Benignos
892,Benignos,Benignos
893,Benignos,Benignos
894,Benignos,Pre-Malignos
895,Benignos,Benignos
896,Benignos,Benignos
897,Benignos,Benignos
898,Benignos,Benignos
899,Benignos,Benignos
900,Benignos,Benignos
901,Benignos,Benignos
902,Benignos,Benignos
903,Benignos,Benignos
904,Benignos,Benignos
905,Benignos,Benignos
906,Benignos,Benignos
907,Benignos,Pre-Malignos
908,Benignos,Benignos
909,Benignos,Benignos
910,Benignos,Benignos
911,Benignos,Benignos
912,Benignos,Benignos
913,Benignos,Benignos
914,Benignos,Benignos
915,Benignos,Benignos
916,Benignos,Benignos
917,Benignos,Benignos
918,Benignos,Benignos
919,Benignos,Benignos
920,Benignos,Benignos
921,Benignos,Benignos
922,Benignos,Benignos
923,Benignos,Benignos
924,Benignos,Pre-Malignos
925,Benignos,Pre-Malignos
926,Benignos,Benignos
927,Benignos,Benignos
928,Benignos,Benignos
929,Benignos,Benignos
930,Benignos,Benignos
931,Benignos,Benignos
932,Benignos,Benignos
933,Benignos,Benignos
934,Benignos,Benignos
935,Benignos,Benignos
936,Benignos,Benignos
937,Benignos,Benignos
938,Benignos,Benignos
939,Benignos,Benignos
940,Benignos,Benignos
941,Benignos,Benignos
942,Benignos,Benignos
943,Benignos,Benignos
944,Benignos,Benignos
945,Benignos,Benignos
946,Benignos,Benignos
947,Benignos,Benignos
948,Benignos,Benignos
949,Benignos,Benignos
950,Benignos,Benignos
951,Benignos,Benignos
952,Benignos,Benignos
953,Benignos,Benignos
954,Benignos,Benignos
955,Benignos,Benignos
956,Benignos,Benignos
957,Benignos,Benignos
958,Benignos,Benignos
959,Benignos,Pre-Malignos
960,Benignos,Benignos
961,Benignos,Benignos
962,Benignos,Benignos
963,Benignos,Benignos
964,Benignos,Benignos
965,Benignos,Benignos
966,Benignos,Benignos
967,Benignos,Benignos
968,Benignos,Benignos
969,Benignos,Benignos
970,Benignos,Benignos
971,Benignos,Benignos
972,Benignos,Benignos
973,Benignos,Benignos
974,Benignos,Benignos
975,Benignos,Benignos
976,Benignos,Benignos
977,Benignos,Benignos
978,Benignos,Benignos
979,Benignos,Benignos
980,Benignos,Benignos
981,Benignos,Benignos
982,Benignos,Benignos
983,Benignos,Benignos
984,Benignos,Benignos
985,Benignos,Benignos
986,Benignos,Benignos
987,Benignos,Benignos
988,Benignos,Benignos
989,Benignos,Benignos
990,Benignos,Pre-Malignos
991,Benignos,Benignos
992,Benignos,Benignos
993,Benignos,Benignos
994,Benignos,Benignos
995,Benignos,Benignos
996,Benignos,Benignos
997,Benignos,Benignos
998,Benignos,Benignos
999,Benignos,Benignos
1000,Benignos,Benignos
1001,Benignos,Benignos
1002,Benignos,Benignos
1003,Benignos,Benignos
1004,Benignos,Benignos
1005,Benignos,Benignos
1006,Benignos,Benignos
1007,Benignos,Benignos
1008,Benignos,Benignos
1009,Benignos,Pre-Malignos
1010,Benignos,Benignos
1011,Benignos,Benignos
1012,Benignos,Benignos
1013,Benignos,Benignos
1014,Benignos,Benignos
1015,Benignos,Benignos
1016,Benignos,Benignos
1017,Benignos,Benignos
1018,Benignos,Benignos
1019,Benignos,Benignos
1020,Benignos,Benignos
1021,Benignos,Benignos
1022,Benignos,Pre-Malignos
1023,Benignos,Benignos
1024,Benignos,Benignos
1025,Benignos,Benignos
1026,Benignos,Benignos
1027,Benignos,Pre-Malignos
1028,Benignos,Benignos
1029,Benignos,Benignos
1030,Benignos,Benignos
1031,Benignos,Benignos
1032,Benignos,Benignos
1033,Benignos,Benignos
1034,Benignos,Benignos
1035,Benignos,Benignos
1036,Benignos,Benignos
1037,Benignos,Benignos
1038,Benignos,Benignos
1039,Benignos,Benignos
1040,Benignos,Benignos
1041,Benignos,Benignos
1042,Benignos,Benignos
1043,Benignos,Benignos
1044,Benignos,Benignos
1045,Benignos,Benignos
1046,Benignos,Benignos
1047,Benignos,Benignos
1048,Benignos,Benignos
1049,Benignos,Benignos
1050,Benignos,Benignos
1051,Benignos,Benignos
1052,Benignos,Benignos
1053,Benignos,Benignos
1054,Benignos,Benignos
1055,Benignos,Benignos
1056,Benignos,Benignos
1057,Benignos,Pre-Malignos
1058,Benignos,Benignos
1059,Benignos,Benignos
1060,Benignos,Benignos
1061,Benignos,Benignos
1062,Benignos,Benignos
1063,Benignos,Benignos
1064,Benignos,Benignos
1065,Benignos,Benignos
1066,Benignos,Benignos
1067,Benignos,Benignos
1068,Benignos,Benignos
1069,Benignos,Benignos
1070,Benignos,Benignos
1071,Benignos,Benignos
1072,Benignos,Benignos
1073,Benignos,Pre-Malignos
1074,Benignos,Benignos
1075,Benignos,Benignos
1076,Benignos,Benignos
1077,Benignos,Benignos
1078,Benignos,Benignos
1079,Benignos,Benignos
1080,Benignos,Benignos
1081,Benignos,Benignos
1082,Benignos,Benignos
1083,Benignos,Benignos
1084,Benignos,Benignos
1085,Benignos,Benignos
1086,Benignos,Benignos
1087,Benignos,Benignos
1088,Benignos,Benignos
1089,Benignos,Benignos
1090,Benignos,Benignos
1091,Benignos,Benignos
1092,Benignos,Benignos
1093,Benignos,Benignos
1094,Benignos,Benignos
1095,Benignos,Benignos
1096,Benignos,Benignos
1097,Benignos,Benignos
1098,Benignos,Benignos
1099,Benignos,Benignos
1100,Benignos,Benignos
1101,Benignos,Benignos
1102,Benignos,Benignos
1103,Benignos,Benignos
1104,Benignos,Benignos
1105,Benignos,Benignos
1106,Benignos,Benignos
1107,Benignos,Benignos
1108,Benignos,Benignos
1109,Benignos,Benignos
1110,Benignos,Benignos
1111,Benignos,Benignos
1112,Benignos,Benignos
1113,Benignos,Benignos
1114,Benignos,Benignos
1115,Benignos,Benignos
1116,Benignos,Benignos
1117,Benignos,Benignos
1118,Benignos,Benignos
1119,Benignos,Benignos
1120,Benignos,Benignos
1121,Benignos,Benignos
1122,Benignos,Benignos
1123,Benignos,Benignos
1124,Benignos,Benignos
1125,Benignos,Benignos
1126,Benignos,Benignos
1127,Benignos,Benignos
1128,Benignos,Benignos
1129,Benignos,Benignos
1130,Benignos,Benignos
1131,Benignos,Benignos
1132,Benignos,Benignos
1133,Benignos,Benignos
1134,Benignos,Benignos
1135,Benignos,Benignos
1136,Benignos,Benignos
1137,Benignos,Benignos
1138,Benignos,Benignos
1139,Benignos,Benignos
1140,Benignos,Benignos
1141,Benignos,Benignos
1142,Benignos,Benignos
1143,Benignos,Benignos
1144,Benignos,Benignos
1145,Benignos,Benignos
1146,Benignos,Benignos
1147,Benignos,Benignos
1148,Benignos,Benignos
1149,Benignos,Benignos
1150,Benignos,Benignos
1151,Benignos,Benignos
1152,Benignos,Pre-Malignos
1153,Benignos,Benignos
1154,Benignos,Benignos
1155,Benignos,Benignos
1156,Benignos,Benignos
1157,Benignos,Benignos
1158,Benignos,Benignos
1159,Benignos,Benignos
1160,Benignos,Benignos
1161,Benignos,Benignos
1162,Benignos,Benignos
1163,Benignos,Benignos
1164,Benignos,Benignos
1165,Benignos,Benignos
1166,Benignos,Pre-Malignos
1167,Benignos,Benignos
1168,Benignos,Benignos
1169,Benignos,Benignos
1170,Benignos,Benignos
1171,Benignos,Benignos
1172,Benignos,Benignos
1173,Benignos,Benignos
1174,Benignos,Benignos
1175,Benignos,Benignos
1176,Benignos,Benignos
1177,Benignos,Benignos
1178,Benignos,Benignos
1179,Benignos,Benignos
1180,Benignos,Benignos
1181,Benignos,Benignos
1182,Benignos,Benignos
1183,Benignos,Benignos
1184,Benignos,Benignos
1185,Benignos,Benignos
1186,Benignos,Benignos
1187,Benignos,Benignos
1188,Benignos,Benignos
1189,Benignos,Benignos
1190,Benignos,Benignos
1191,Benignos,Benignos
1192,Benignos,Benignos
1193,Benignos,Benignos
1194,Benignos,Benignos
1195,Benignos,Benignos
1196,Benignos,Benignos
1197,Benignos,Benignos
1198,Benignos,Benignos
1199,Benignos,Benignos
1200,Benignos,Benignos
1201,Benignos,Benignos
1202,Benignos,Benignos
1203,Benignos,Benignos
1204,Benignos,Benignos
1205,Benignos,Benignos
1206,Benignos,Pre-Malignos
1207,Benignos,Benignos
1208,Benignos,Benignos
1209,Benignos,Benignos
1210,Benignos,Benignos
1211,Benignos,Benignos
1212,Benignos,Benignos
1213,Benignos,Benignos
1214,Benignos,Benignos
1215,Benignos,Benignos
1216,Benignos,Benignos
1217,Benignos,Benignos
1218,Benignos,Benignos
1219,Benignos,Pre-Malignos
1220,Benignos,Benignos
1221,Benignos,Benignos
1222,Benignos,Benignos
1223,Benignos,Benignos
1224,Benignos,Benignos
1225,Benignos,Benignos
1226,Benignos,Benignos
1227,Benignos,Pre-Malignos
1228,Benignos,Benignos
1229,Benignos,Benignos
1230,Benignos,Benignos
1231,Benignos,Benignos
1232,Benignos,Benignos
1233,Benignos,Benignos
1234,Benignos,Benignos
1235,Benignos,Benignos
1236,Benignos,Benignos
1237,Benignos,Benignos
1238,Benignos,Benignos
1239,Benignos,Benignos
1240,Benignos,Benignos
1241,Benignos,Benignos
1242,Benignos,Pre-Malignos
1243,Benignos,Benignos
1244,Benignos,Benignos
1245,Benignos,Benignos
1246,Benignos,Benignos
1247,Benignos,Pre-Malignos
1248,Benignos,Benignos
1249,Benignos,Benignos
1250,Benignos,Benignos
1251,Benignos,Benignos
1252,Benignos,Benignos
1253,Benignos,Benignos
1254,Benignos,Benignos
1255,Benignos,Benignos
1256,Benignos,Benignos
1257,Benignos,Benignos
1258,Benignos,Benignos
1259,Benignos,Benignos
1260,Benignos,Benignos
1261,Benignos,Benignos
1262,Benignos,Benignos
1263,Benignos,Benignos
1264,Benignos,Benignos
1265,Benignos,Benignos
1266,Benignos,Benignos
1267,Benignos,Benignos
1268,Benignos,Benignos
1269,Benignos,Benignos
1270,Benignos,Benignos
1271,Benignos,Benignos
1272,Benignos,Benignos
1273,Benignos,Benignos
1274,Benignos,Benignos
1275,Benignos,Benignos
1276,Benignos,Pre-Malignos
1277,Benignos,Benignos
1278,Benignos,Benignos
1279,Benignos,Benignos
1280,Benignos,Benignos
1281,Benignos,Benignos
1282,Benignos,Benignos
1283,Benignos,Benignos
1284,Benignos,Pre-Malignos
1285,Benignos,Benignos
1286,Benignos,Benignos
1287,Benignos,Benignos
1288,Benignos,Benignos
1289,Benignos,Benignos
1290,Benignos,Benignos
1291,Benignos,Benignos
1292,Benignos,Benignos
1293,Benignos,Benignos
1294,Benignos,Benignos
1295,Benignos,Benignos
1296,Benignos,Benignos
1297,Benignos,Benignos
1298,Benignos,Benignos
1299,Benignos,Benignos
1300,Benignos,Benignos
1301,Benignos,Benignos
1302,Benignos,Pre-Malignos
1303,Benignos,Benignos
1304,Benignos,Benignos
1305,Benignos,Benignos
1306,Benignos,Benignos
1307,Benignos,Benignos
1308,Benignos,Benignos
1309,Benignos,Benignos
1310,Benignos,Benignos
1311,Benignos,Benignos
1312,Benignos,Benignos
1313,Benignos,Benignos
1314,Benignos,Pre-Malignos
1315,Benignos,Benignos
1316,Benignos,Benignos
1317,Benignos,Benignos
1318,Benignos,Benignos
1319,Benignos,Benignos
1320,Benignos,Benignos
1321,Benignos,Benignos
1322,Benignos,Benignos
1323,Benignos,Benignos
1324,Benignos,Benignos
1325,Benignos,Benignos
1326,Benignos,Benignos
1327,Benignos,Pre-Malignos
1328,Benignos,Benignos
1329,Benignos,Benignos
1330,Benignos,Benignos
1331,Benignos,Benignos
1332,Benignos,Benignos
1333,Benignos,Benignos
1334,Benignos,Benignos
1335,Benignos,Benignos
1336,Benignos,Benignos
1337,Benignos,Pre-Malignos
1338,Benignos,Benignos
1339,Benignos,Benignos
1340,Benignos,Benignos
1341,Benignos,Benignos
1342,Benignos,Benignos
1343,Benignos,Benignos
1344,Benignos,Benignos
1345,Benignos,Benignos
1346,Benignos,Benignos
1347,Benignos,Benignos
1348,Benignos,Benignos
1349,Benignos,Benignos
1350,Benignos,Benignos
1351,Benignos,Benignos
1352,Benignos,Benignos
1353,Benignos,Benignos
1354,Benignos,Benignos
1355,Benignos,Benignos
1356,Benignos,Benignos
1357,Benignos,Benignos
1358,Benignos,Benignos
1359,Benignos,Benignos
1360,Benignos,Benignos
1361,Benignos,Benignos
1362,Benignos,Benignos
1363,Benignos,Benignos
1364,Benignos,Benignos
1365,Benignos,Benignos
1366,Benignos,Benignos
1367,Benignos,Pre-Malignos
1368,Benignos,Pre-Malignos
1369,Benignos,Benignos
1370,Benignos,Benignos
1371,Benignos,Benignos
1372,Benignos,Pre-Malignos
1373,Benignos,Benignos
1374,Benignos,Benignos
1375,Benignos,Benignos
1376,Benignos,Benignos
1377,Benignos,Benignos
1378,Benignos,Benignos
1379,Benignos,Benignos
1380,Benignos,Benignos
1381,Benignos,Benignos
1382,Benignos,Benignos
1383,Benignos,Benignos
1384,Benignos,Pre-Malignos
1385,Benignos,Benignos
1386,Benignos,Benignos
1387,Benignos,Benignos
1388,Benignos,Benignos
1389,Benignos,Benignos
1390,Benignos,Benignos
1391,Benignos,Benignos
1392,Benignos,Benignos
1393,Benignos,Pre-Malignos
1394,Benignos,Benignos
1395,Benignos,Pre-Malignos
1396,Benignos,Benignos
1397,Benignos,Benignos
1398,Benignos,Benignos
1399,Benignos,Benignos
1400,Benignos,Benignos
1401,Benignos,Benignos
1402,Benignos,Benignos
1403,Benignos,Benignos
1404,Benignos,Benignos
1405,Benignos,Benignos
1406,Benignos,Benignos
1407,Benignos,Benignos
1408,Benignos,Benignos
1409,Benignos,Benignos
1410,Benignos,Benignos
1411,Benignos,Benignos
1412,Benignos,Benignos
1413,Benignos,Benignos
1414,Benignos,Benignos
1415,Benignos,Pre-Malignos
1416,Benignos,Benignos
1417,Benignos,Benignos
1418,Benignos,Benignos
1419,Benignos,Benignos
1420,Benignos,Benignos
1421,Benignos,Benignos
1422,Benignos,Benignos
1423,Benignos,Benignos
1424,Benignos,Benignos
1425,Benignos,Benignos
1426,Benignos,Benignos
1427,Benignos,Benignos
1428,Benignos,Benignos
1429,Benignos,Benignos
1430,Benignos,Benignos
1431,Benignos,Benignos
1432,Benignos,Benignos
1433,Benignos,Benignos
1434,Benignos,Benignos
1435,Benignos,Benignos
1436,Benignos,Pre-Malignos
1437,Benignos,Benignos
1438,Benignos,Benignos
1439,Benignos,Benignos
1440,Benignos,Benignos
1441,Benignos,Benignos
1442,Benignos,Benignos
1443,Benignos,Pre-Malignos
1444,Benignos,Benignos
1445,Benignos,Benignos
1446,Benignos,Benignos
1447,Benignos,Benignos
1448,Benignos,Benignos
1449,Benignos,Benignos
1450,Benignos,Benignos
1451,Benignos,Benignos
1452,Benignos,Benignos
1453,Benignos,Benignos
1454,Benignos,Benignos
1455,Benignos,Benignos
1456,Benignos,Benignos
1457,Benignos,Benignos
1458,Benignos,Benignos
1459,Benignos,Benignos
1460,Benignos,Benignos
1461,Benignos,Benignos
1462,Benignos,Benignos
1463,Benignos,Benignos
1464,Benignos,Benignos
1465,Benignos,Benignos
1466,Benignos,Benignos
1467,Benignos,Benignos
1468,Benignos,Benignos
1469,Benignos,Benignos
1470,Benignos,Benignos
1471,Benignos,Benignos
1472,Benignos,Benignos
1473,Benignos,Benignos
1474,Benignos,Benignos
1475,Benignos,Benignos
1476,Benignos,Benignos
1477,Benignos,Benignos
1478,Benignos,Benignos
1479,Benignos,Benignos
1480,Benignos,Benignos
1481,Benignos,Benignos
1482,Benignos,Benignos
1483,Benignos,Benignos
1484,Benignos,Benignos
1485,Benignos,Benignos
1486,Benignos,Benignos
1487,Benignos,Benignos
1488,Benignos,Benignos
1489,Benignos,Benignos
1490,Benignos,Benignos
1491,Benignos,Benignos
1492,Benignos,Benignos
1493,Benignos,Benignos
1494,Benignos,Benignos
1495,Benignos,Benignos
1496,Benignos,Benignos
1497,Benignos,Benignos
1498,Benignos,Benignos
1499,Benignos,Benignos
1500,Benignos,Benignos
1501,Benignos,Benignos
1502,Benignos,Benignos
1503,Benignos,Benignos
1504,Benignos,Benignos
1505,Benignos,Benignos
1506,Benignos,Benignos
1507,Benignos,Benignos
1508,Benignos,Benignos
1509,Benignos,Benignos
1510,Benignos,Pre-Malignos
1511,Benignos,Benignos
1512,Benignos,Benignos
1513,Benignos,Benignos
1514,Benignos,Benignos
1515,Benignos,Benignos
1516,Benignos,Benignos
1517,Benignos,Benignos
1518,Benignos,Pre-Malignos
1519,Benignos,Benignos
1520,Benignos,Benignos
1521,Benignos,Benignos
1522,Benignos,Benignos
1523,Benignos,Benignos
1524,Benignos,Benignos
1525,Benignos,Benignos
1526,Benignos,Benignos
1527,Benignos,Benignos
1528,Benignos,Benignos
1529,Benignos,Benignos
1530,Benignos,Benignos
1531,Benignos,Benignos
1532,Benignos,Benignos
1533,Benignos,Benignos
1534,Benignos,Benignos
1535,Benignos,Benignos
1536,Benignos,Benignos
1537,Benignos,Benignos
1538,Benignos,Benignos
1539,Benignos,Pre-Malignos
1540,Benignos,Benignos
1541,Benignos,Benignos
1542,Benignos,Benignos
1543,Benignos,Benignos
1544,Benignos,Benignos
1545,Benignos,Pre-Malignos
1546,Benignos,Benignos
1547,Benignos,Benignos
1548,Benignos,Benignos
1549,Benignos,Benignos
1550,Benignos,Benignos
1551,Benignos,Benignos
1552,Benignos,Benignos
1553,Benignos,Benignos
1554,Benignos,Pre-Malignos
1555,Benignos,Benignos
1556,Benignos,Benignos
1557,Benignos,Benignos
1558,Benignos,Benignos
1559,Benignos,Benignos
1560,Benignos,Benignos
1561,Benignos,Benignos
1562,Benignos,Benignos
1563,Benignos,Pre-Malignos
1564,Benignos,Benignos
1565,Benignos,Benignos
1566,Benignos,Benignos
1567,Benignos,Benignos
1568,Benignos,Benignos
1569,Benignos,Benignos
1570,Benignos,Benignos
1571,Benignos,Pre-Malignos
1572,Benignos,Benignos
1573,Benignos,Benignos
1574,Benignos,Benignos
1575,Benignos,Benignos
1576,Benignos,Benignos
1577,Benignos,Benignos
1578,Benignos,Benignos
1579,Benignos,Benignos
1580,Benignos,Benignos
1581,Benignos,Benignos
1582,Benignos,Benignos
1583,Benignos,Benignos
1584,Benignos,Benignos
1585,Benignos,Pre-Malignos
1586,Benignos,Benignos
1587,Benignos,Benignos
1588,Benignos,Benignos
1589,Benignos,Benignos
1590,Benignos,Benignos
1591,Benignos,Pre-Malignos
1592,Benignos,Benignos
1593,Benignos,Pre-Malignos
1594,Benignos,Benignos
1595,Benignos,Benignos
1596,Benignos,Benignos
1597,Benignos,Benignos
1598,Benignos,Benignos
1599,Benignos,Benignos
